{
    "baseline": {
        "accuracy": 0.921,
        "f1_score": 0.7048567870485678,
        "demographic_parity_difference": 0.014281470163823098,
        "approval_rates_by_group": {
            "accuracy": {
                "false": 0.9206773618538324,
                "true": 0.921957671957672
            }
        }
    },
    "mitigated": {
        "accuracy": 0.9233333333333333,
        "f1_score": 0.7103274559193954,
        "demographic_parity_difference": 0.014281470163823098,
        "approval_rates_by_group": {
            "accuracy": {
                "false": 0.9229055258467023,
                "true": 0.9246031746031746
            }
        }
    }
}