{
    "baseline": {
        "accuracy": 0.4866666666666667,
        "f1_score": 0.47260273972602745,
        "demographic_parity_difference": 0.0256885593220339,
        "approval_rates_by_group": {
            "accuracy": {
                "false": 0.5127118644067796,
                "true": 0.390625
            }
        }
    },
    "mitigated": {
        "accuracy": 0.49333333333333335,
        "f1_score": 0.4758620689655173,
        "demographic_parity_difference": 0.0256885593220339,
        "approval_rates_by_group": {
            "accuracy": {
                "false": 0.5169491525423728,
                "true": 0.40625
            }
        }
    }
}